Processes,Run 1,Run 2,Run 3,Run 4,Run 5,Run 6,Run 7,Run 8,Run 9,Run 10,Run 11,Run 12,Run 13,Run 14,Run 15,Run 16,Run 17,Run 18,Run 19,Run 20,Run 21,Run 22,Run 23,Run 24,Run 25,Run 26,Run 27,Run 28,Run 29,Run 30,Mean,Stdev
1,2.069324,2.052384,2.054012,2.06017,2.055544,2.076322,2.057835,2.067439,2.075637,2.633338,2.699206,2.762584,2.616674,2.587248,2.72159,2.881848,2.744959,2.66043,2.55006,2.54846,2.561838,2.550192,2.549925,2.596652,2.565804,2.538034,2.668219,2.631436,2.611572,2.553093,2.4600609666666666,0.2746803592581226
2,1.733573,1.774032,1.773573,1.808772,1.76241,1.769004,1.758135,1.774173,1.761372,1.797163,1.750569,1.756721,1.750697,1.772469,1.763596,1.751719,1.768392,1.780092,1.759325,1.763663,1.769807,1.751303,1.76211,1.779392,1.757252,1.758359,1.768632,1.762695,1.751121,1.75846,1.7649527,0.014423757387822323
4,1.60365,1.660324,1.631207,1.694572,1.622791,1.631387,1.647237,1.621442,1.643887,1.626053,1.618521,1.622316,1.669942,1.669911,1.625681,1.62907,1.624386,1.651445,1.626931,1.623215,1.619916,1.630607,1.632106,1.667819,1.618565,1.625302,1.62408,1.632598,1.62442,1.628441,1.6349274,0.019826459169851596
